Olives - Stuffed,56,67
English Muffin,14,25
Scampi Tail,78,40
Beans - French,26,11
Pomello,61,75
"Wine - Harrow Estates, Vidal",20,17
"Tortillas - Flour, 8",15,3
Bagel - Sesame Seed Presliced,46,46
Beans - French,72,39
Soup - Chicken And Wild Rice,7,81
Steel Wool,57,25
Banana Turning,44,6
Blouse / Shirt / Sweater,85,8
"Beer - Alexander Kieths, Pale Ale",82,1
Catfish - Fillets,93,16
Coffee - Flavoured,27,21
Chinese Lemon Pork,14,57
Pepper - Gypsy Pepper,42,91
Daikon Radish,16,37
Cotton Wet Mop 16 Oz,42,8
White Baguette,17,96
Eel - Smoked,80,97
"Butter - Salted, Micro",26,57
Cabbage - Green,84,80
Wine - Cave Springs Dry Riesling,59,59
Basil - Seedlings Cookstown,50,84
Glycerine,88,14
Sugar - White Packet,96,98
Olives - Kalamata,64,66
Sandwich Wrap,70,14
Garbage Bags - Clear,81,60
Tomato - Plum With Basil,79,74
Chinese Foods - Cantonese,91,84
Longos - Cheese Tortellini,48,38
Pastry - Mini French Pastries,87,100
Sauce Tomato Pouch,21,50
"Lettuce - Mini Greens, Whole",29,91
Wine - Ice Wine,33,20
Aspic - Light,90,78
"Chicken - Base, Ultimate",40,54
"Salt - Rock, Course",33,44
Lychee,79,40
"Soup - Campbells, Cream Of",84,5
Puree - Strawberry,14,58
French Kiss Vanilla,84,61
Pepper - Cubanelle,96,92
Sandwich Wrap,5,54
Juice - Mango,95,10
Wine - Shiraz Wolf Blass Premium,45,46
Flavouring - Orange,26,55
Emulsifier,44,1
Sausage - Breakfast,35,72
Cookie Dough - Chocolate Chip,36,39
Yoplait - Strawbrasp Peac,64,87
Fudge - Chocolate Fudge,5,54
"Syrup - Golden, Lyles",29,35
Wine - Port Late Bottled Vintage,28,92
"Bread - Bagels, Mini",81,12
Pork - Caul Fat,28,29
"Soup - Campbells, Spinach Crm",26,37
"Sugar - Brown, Individual",43,65
"Bread - Rolls, Corn",34,31
Coconut - Whole,96,67
Container - Clear 16 Oz,55,66
"Beans - Turtle, Black, Dry",74,39
"Lemonade - Kiwi, 591 Ml",57,72
"Cod - Salted, Boneless",19,10
Jameson - Irish Whiskey,46,93
"Nut - Pine Nuts, Whole",53,67
Pike - Frozen Fillet,63,17
Lettuce - Baby Salad Greens,80,4
Sage Ground Wiberg,5,47
Bay Leaf,19,41
Sponge Cake Mix - Vanilla,14,34
Mushroom - Morel Frozen,56,37
Chinese Lemon Pork,65,93
"Carrots - Mini, Stem On",82,9
Table Cloth - 53x69 Colour,24,32
Scallops - In Shell,64,85
"Wine - Red, Harrow Estates, Cab",2,34
Cookie Dough - Peanut Butter,7,1
Cheese - Augre Des Champs,49,18
Alize Gold Passion,25,15
Eel Fresh,26,50
"Chocolate - Milk, Callets",4,7
Turkey - Ground. Lean,24,12
Cocktail Napkin Blue,14,44
Pork Ham Prager,70,45
"Stock - Beef, Brown",34,71
Chips Potato Swt Chilli Sour,25,86
Sage - Ground,44,66
Carbonated Water - Blackcherry,83,90
Mortadella,40,80
Broom And Broom Rack White,63,98
"Sauce - Soya, Light",44,43
Puree - Blackcurrant,79,71
Clams - Bay,76,34
Bagel - Ched Chs Presliced,82,3
Cumin - Ground,85,22
Pork - Hock And Feet Attached,26,54
Soho Lychee Liqueur,40,46
Soup Knorr Chili With Beans,92,84
Table Cloth 54x72 Colour,43,41
Capers - Pickled,37,53
"Gingerale - Schweppes, 355 Ml",90,59
Curry Powder Madras,55,52
Thyme - Dried,32,35
"Chicken - Thigh, Bone In",63,1
Steam Pan - Half Size Deep,46,12
Chocolate - Dark Callets,54,27
Mushroom - Morel Frozen,66,86
Mustard - Seed,12,92
Peach - Halves,90,81
Table Cloth 90x90 Colour,68,19
"Pasta - Tortellini, Fresh",7,95
Bar Special K,8,63
Glass Clear 7 Oz Xl,25,65
Pastry - Trippleberry Muffin - Mini,17,20
Chicken - White Meat With Tender,51,57
Peach - Halves,54,68
Apple - Royal Gala,39,6
Pasta - Agnolotti - Butternut,20,74
"Nut - Walnut, Pieces",17,19
Wine - George Duboeuf Rose,10,20
Table Cloth 54x72 White,19,89
Sprite - 355 Ml,26,23
Bread - Bistro White,46,30
"Wine - Red, Gallo, Merlot",92,46
"Pasta - Cannelloni, Sheets, Fresh",67,25
Bread - Raisin Walnut Oval,6,10
Spring Roll Veg Mini,45,73
Veal - Inside,76,73
Wine - Fontanafredda Barolo,92,64
Cake - Mini Potato Pancake,27,60
Snapple - Iced Tea Peach,50,29
Wine - Valpolicella Masi,11,93
Lid Tray - 12in Dome,18,67
Pepper - Pablano,13,82
Ice Cream Bar - Oreo Cone,47,13
Monkfish - Fresh,42,41
Fondant - Icing,96,92
Ham - Virginia,62,46
Chicken - Whole,69,61
Cake - Night And Day Choclate,29,89
Bread - Raisin Walnut Oval,63,60
Island Oasis - Ice Cream Mix,23,35
Beans - Kidney White,96,18
Coffee - Hazelnut Cream,29,60
Island Oasis - Magarita Mix,75,2
Sauce - Cranberry,28,18
Tomatoes - Hot House,57,54
"Artichoke - Bottom, Canned",62,50
"Zucchini - Mini, Green",7,53
Laundry - Bag Cloth,69,41
"Potatoes - Yukon Gold, 80 Ct",81,90
Croissants Thaw And Serve,30,47
"Cup - 6oz, Foam",69,49
Toothpick Frilled,95,14
Lamb Tenderloin Nz Fr,23,73
Irish Cream - Baileys,59,55
Beef - Salted,40,42
Cheese - Comte,5,16
Wine - Ej Gallo Sonoma,68,6
Gooseberry,26,78
Transfer Sheets,43,18
Table Cloth 53x53 White,20,10
"Syrup - Monin, Amaretta",50,79
Bread - French Baquette,47,88
Nougat - Paste / Cream,75,45
Bread - Italian Corn Meal Poly,38,87
Celery Root,93,29
Water - Spring 1.5lit,34,30
Oil - Avocado,25,65
Barramundi,20,24
Wine - Malbec Trapiche Reserve,96,26
Hersey Shakes,71,32
"Olives - Green, Pitted",76,64
Veal - Kidney,76,22
Tomatoes - Hot House,49,42
Tomatoes - Heirloom,18,25
Parsley - Fresh,31,51
Cheese - Brick With Onion,40,75
Sambuca - Opal Nera,90,46
Truffle Cups - White Paper,98,78
Pie Shell - 5,49,52
Milk Powder,5,85
Pickles - Gherkins,19,68
Toothpick Frilled,1,24
Table Cloth 54x54 Colour,28,18
Sugar - Fine,13,98
Bread Crumbs - Japanese Style,17,82
Wiberg Cure,46,10
Lighter - Bbq,3,14
"Capon - Breast, Double, Wing On",8,42
Sprite - 355 Ml,62,92
Cornish Hen,95,41
Gatorade - Xfactor Berry,25,62
Vinegar - Raspberry,93,31
Truffle Paste,30,100
Duck - Legs,47,59
Cloves - Ground,66,90
Cake - Pancake,87,15
Coffee - Decafenated,34,11
"Bread - Crumbs, Bulk",21,83
Tea - Herbal I Love Lemon,76,12
"Extract - Vanilla,artificial",16,51
Hinge W Undercut,39,3
Sobe - Green Tea,1,30
Flour - Pastry,65,27
Sprouts - Corn,28,24
"Octopus - Baby, Cleaned",79,49
Pork - Side Ribs,90,66
Pork - Backs - Boneless,44,76
Island Oasis - Sweet And Sour Mix,31,69
Wine - Piper Heidsieck Brut,26,36
Salt - Celery,76,78
"Soup - Knorr, Chicken Noodle",38,74
Wine - Niagara Peninsula Vqa,94,78
Tart - Butter Plain Squares,40,89
Pork - Bacon Cooked Slcd,51,96
"Jam - Raspberry,jar",100,63
Apples - Sliced / Wedge,1,30
Pepper - Scotch Bonnet,81,21
Table Cloth 81x81 Colour,44,27
Tea - Lemon Scented,91,56
Coffee - 10oz Cup 92961,3,56
Food Colouring - Blue,26,54
Pork - Sausage Casing,52,17
V8 Splash Strawberry Banana,11,21
Wiberg Cure,88,20
Ginsing - Fresh,73,48
Catfish - Fillets,16,32
Green Tea Refresher,68,47
"Capon - Breast, Double, Wing On",69,21
"Sparkling Wine - Rose, Freixenet",26,65
Apricots Fresh,31,81
Chicken - Bones,34,26
Nantucket - Orange Mango Cktl,24,92
Trueblue - Blueberry,40,29
Bread Roll Foccacia,3,72
Piping Jelly - All Colours,76,16
Cheese - Marble,19,53
Chinese Foods - Chicken,36,93
Wine - Ice Wine,52,88
Milk 2% 500 Ml,9,78
"Bread - Roll, Calabrese",71,88
Pumpkin - Seed,85,39
Pork - Bones,83,95
Yams,26,84
Pasta - Ravioli,12,11
The Pop Shoppe - Grape,15,26
Bananas,71,71
Pastry - Apple Large,76,71
Salmon Steak - Cohoe 8 Oz,92,18
"Cup - 6oz, Foam",72,93
Coffee Guatemala Dark,37,68
"Wine - Red, Colio Cabernet",51,16
"Soup - Campbells, Chix Gumbo",56,53
Peas - Frozen,23,41
Water - Green Tea Refresher,4,60
Sauce - Soy Low Sodium - 3.87l,5,36
Celery Root,43,58
Pear - Prickly,93,54
Appetizer - Asian Shrimp Roll,2,22
"Cake Circle, Paprus",12,59
"Pasta - Gnocchi, Potato",24,4
"Turkey - Breast, Double",77,85
The Pop Shoppe - Black Cherry,16,58
Muffin - Blueberry Individual,73,20
Beef Wellington,53,31
Ginger - Ground,12,66
Muskox - French Rack,37,63
Yogurt - French Vanilla,70,99
"Tomatoes - Vine Ripe, Yellow",6,23
"Crab - Claws, 26 - 30",73,84
Bagel - Everything Presliced,99,87
Plate Foam Laminated 9in Blk,93,49
Soup - Tomato Mush. Florentine,66,28
"Lamb - Leg, Boneless",63,33
"Pork - Loin, Boneless",50,20
Fudge - Cream Fudge,78,47
"Nut - Pecan, Halves",84,79
Corn Kernels - Frozen,99,26
Sugar - Brown,11,31
Asparagus - Frozen,77,69
Tomatoes Tear Drop,94,67
Steel Wool,51,28
Mushroom - Morel Frozen,71,29
Triple Sec - Mcguinness,68,51
"Split Peas - Green, Dry",72,20
Juice - Apple Cider,29,32
Pork Loin Cutlets,13,88
Cranberries - Dry,2,45
Juice - Apple Cider,20,62
"Pork - Loin, Bone - In",50,10
Beer - Labatt Blue,92,15
"Coffee - Beans, Whole",46,86
Crush - Cream Soda,39,57
"Mushroom - Morels, Dry",71,25
Garlic - Peeled,85,58
Worcestershire Sauce,81,75
Cherries - Frozen,37,58
Garlic - Elephant,97,37
Napkin Colour,97,81
Marzipan 50/50,75,84
Chevere Logs,10,27
Yoplait - Strawbrasp Peac,4,3
Bread - Pumpernickel,32,73
"Pepper - Chillies, Crushed",64,85
Filter - Coffee,63,71
Nut - Pumpkin Seeds,23,85
Tea - Herbal Sweet Dreams,97,82
Fireball Whisky,52,70
Bar Bran Honey Nut,58,11
"Oil - Truffle, Black",89,59
Chicken Breast Halal,33,41
Sprouts - Peppercress,23,14
"Loaf Pan - 2 Lb, Foil",7,99
Versatainer Nc - 888,32,80
Browning Caramel Glace,33,58
Parsley Italian - Fresh,89,62
"Quail - Eggs, Fresh",25,38
Curry Paste - Madras,18,59
Veal - Eye Of Round,3,7
Filo Dough,52,96
Red Pepper Paste,85,69
Slt - Individual Portions,5,25
Wine - Chateau Timberlay,65,44
Oil - Macadamia,39,90
Beef - Tender Tips,25,76
Flour - Teff,63,70
Corn Meal,87,52
Wine - Ruffino Chianti Classico,66,75
Cake - Sheet Strawberry,72,3
Chervil - Fresh,84,43
Pastry - Cherry Danish - Mini,52,59
Broom - Corn,79,35
Danishes - Mini Raspberry,73,75
Swordfish Loin Portions,2,55
Sauce - Ranch Dressing,85,93
"Tart Shells - Sweet, 4",81,43
Lamb - Rack,62,24
"Pork - Bacon,back Peameal",33,18
Tomato - Peeled Italian Canned,48,52
"Chilli Paste, Ginger Garlic",52,17
Beef Tenderloin Aaa,100,74
Gatorade - Xfactor Berry,61,95
Grapefruit - Pink,54,97
Hot Chocolate - Individual,44,26
Veal - Nuckle,9,5
Wine - Magnotta - Pinot Gris Sr,90,75
Lamb - Rack,15,12
Jagermeister,34,40
Tomatoes - Hot House,16,93
"Oil - Truffle, White",12,44
Couscous,76,35
Coriander - Seed,23,33
Wine - Savigny - Les - Beaune,19,74
"Fish - Base, Bouillion",7,59
Cassis,2,1
Beer - Muskoka Cream Ale,58,91
Truffle Cups - Brown,46,51
Cranberries - Fresh,6,37
"Mop Head - Cotton, 24 Oz",50,59
Sugar - White Packet,46,11
Chambord Royal,54,1
Compound - Raspberry,78,6
Tea - Lemon Scented,62,85
Thyme - Dried,49,32
Table Cloth 91x91 Colour,7,2
Cookies Oatmeal Raisin,37,94
Sauce - Salsa,75,97
Bread Crumbs - Japanese Style,52,35
"Yeast - Fresh, Fleischman",96,6
Energy - Boo - Koo,10,45
Cheese - Mascarpone,96,92
Wine - Winzer Krems Gruner,45,15
"Wine - Red, Harrow Estates, Cab",60,96
Vanilla Beans,66,68
Water - Perrier,90,46
Tomatoes - Cherry,35,5
Sauce - Mint,6,48
Bonito Flakes - Toku Katsuo,23,28
"Red Snapper - Fresh, Whole",34,77
Rice - Brown,91,90
Wine - Jackson Triggs Okonagan,78,28
Rabbit - Whole,79,56
Ice Cream - Strawberry,35,62
Kahlua,61,66
Beef - Striploin Aa,43,76
Chocolate - Dark,63,55
Chips - Miss Vickies,87,57
"Lamb - Leg, Boneless",42,53
V8 Splash Strawberry Banana,52,7
Beans - Kidney White,52,94
Transfer Sheets,62,30
Sausage - Liver,11,59
Dr. Pepper - 355ml,29,16
Egg - Salad Premix,32,73
"Wine - Red, Pinot Noir, Chateau",25,27
"Lid - Translucent, 3.5 And 6 Oz",85,50
Snapple Raspberry Tea,82,36
"Oil - Shortening,liqud, Fry",43,88
"Ranchero - Primerba, Paste",55,83
Paste - Black Olive,38,71
Yogurt - French Vanilla,51,83
Juice Peach Nectar,34,89
Dry Ice,3,78
"Flour - Corn, Fine",28,48
Wine - Port Late Bottled Vintage,65,12
"Corn - Cream, Canned",44,16
Cookie - Dough Variety,15,98
Cheese - Comte,35,23
Island Oasis - Banana Daiquiri,40,19
Cactus Pads,100,43
Vinegar - Sherry,73,36
Cheese - Parmesan Grated,35,30
Table Cloth 54x72 Colour,54,52
Almonds Ground Blanched,41,87
Dill Weed - Fresh,64,7
"Salsify, Organic",50,93
Cornstarch,80,10
Sea Bass - Whole,61,34
Foam Dinner Plate,86,26
Sprouts - Baby Pea Tendrils,94,89
"Soup - Campbells, Chix Gumbo",11,28
Cheese - Parmigiano Reggiano,32,47
Creme De Menth - White,69,81
V8 Pet,20,17
Oil - Cooking Spray,18,70
Potatoes - Idaho 100 Count,78,51
Jam - Apricot,54,10
Pepper - Gypsy Pepper,8,88
Lamb - Rack,32,79
Veal - Liver,7,73
Pastrami,15,52
Wild Boar - Tenderloin,81,100
Salmon Steak - Cohoe 6 Oz,35,58
Pail For Lid 1537,18,40
Cheese - Gouda Smoked,76,80
Foie Gras,14,53
Juice - Happy Planet,15,95
Cake - Mini Potato Pancake,5,67
Pork - Caul Fat,11,32
Onions - Cooking,95,39
Dried Apple,47,62
V8 - Tropical Blend,64,81
Peach - Fresh,43,80
"Cherries - Maraschino,jar",60,13
External Supplier,82,78
Remy Red Berry Infusion,22,95
Wine - Zonnebloem Pinotage,35,61
"Marsala - Sperone, Fine, D.o.c.",60,41
"Soup - Campbells, Minestrone",70,69
Foil Cont Round,77,92
Olive - Spread Tapenade,28,38
"Wine - Red, Concha Y Toro",75,55
Roe - Flying Fish,92,62
Crackers - Soda / Saltins,14,53
Food Colouring - Red,25,12
Wine - Kwv Chenin Blanc South,76,69
"Pasta - Penne, Lisce, Dry",87,48
Wine - Charddonnay Errazuriz,7,62
Bouq All Italian - Primerba,69,17
Veal - Bones,76,18
Greens Mustard,46,7
Crush - Cream Soda,46,42
Potatoes - Pei 10 Oz,13,83
"Beef - Tongue, Cooked",10,100
Oyster - In Shell,37,73
Broom And Brush Rack Black,11,48
"Pail - 15l White, With Handle",80,85
Appetizer - Smoked Salmon / Dill,94,27
Bacardi Mojito,10,84
"Cheese - Woolwich Goat, Log",75,13
Pastry - Cheese Baked Scones,92,90
Pastry - Baked Cinnamon Stick,13,23
Cookies Cereal Nut,79,95
"Beef - Roasted, Cooked",25,25
"Tart Shells - Savory, 3",57,7
Turkey - Oven Roast Breast,83,51
Instant Coffee,78,30
Apples - Sliced / Wedge,7,99
Rum - Mount Gay Eclipes,83,1
Asparagus - Mexican,34,70
Mushroom - Portebello,35,10
Cod - Black Whole Fillet,13,11
Turkey Leg With Drum And Thigh,99,100
"Soup - Cream Of Broccoli, Dry",84,3
Scotch - Queen Anne,69,51
Veal - Provimi Inside,98,94
Ham - Cooked Italian,64,41
Pork Casing,49,5
Beans - Yellow,31,93
Anchovy In Oil,19,52
Piping - Bags Quizna,87,54
Wine - Vineland Estate Semi - Dry,64,24
Coffee Beans - Chocolate,8,54
Mix - Cocktail Ice Cream,33,19
Sauce - Sesame Thai Dressing,78,12
"Apple - Delicious, Red",63,43
Longos - Assorted Sandwich,96,57
"Wine - Red, Mosaic Zweigelt",97,79
Cornflakes,58,8
Bamboo Shoots - Sliced,100,28
Wine - Merlot Vina Carmen,5,85
Papayas,89,9
Langers - Ruby Red Grapfruit,39,33
Longos - Lasagna Veg,48,70
Beef - Top Butt,2,86
Sage Ground Wiberg,2,19
Bread Crumbs - Panko,2,45
Mayonnaise,5,81
"Soup - Knorr, Ministrone",93,69
Cabbage - Red,80,15
Lamb - Rack,70,100
Oven Mitts - 15 Inch,29,56
Mortadella,48,70
Pie Box - Cello Window 2.5,99,69
Potatoes - Fingerling 4 Oz,68,27
"Wine - Red, Harrow Estates, Cab",85,51
Lamb - Loin Chops,55,30
Soup - Campbells Chili,13,49
Mayonnaise - Individual Pkg,98,49
Wine - Zonnebloem Pinotage,95,17
Shrimp - Tiger 21/25,11,28
Pan Grease,36,81
Wine - Red Oakridge Merlot,52,19
Beef - Montreal Smoked Brisket,62,87
Sambuca - Ramazzotti,41,78
Sloe Gin - Mcguinness,72,31
Foil - 4oz Custard Cup,30,28
V8 - Vegetable Cocktail,1,87
Mudslide,50,1
Bacardi Breezer - Tropical,34,51
Bar Special K,32,24
Table Cloth - 53x69 Colour,63,92
Appetizer - Assorted Box,25,88
Goat - Leg,46,20
Oats Large Flake,55,79
Trueblue - Blueberry Cranberry,89,75
Wine - Port Late Bottled Vintage,74,55
"Veal - Shank, Pieces",90,7
Icecream - Dstk Super Cone,54,15
Sorrel - Fresh,93,17
Wine - Taylors Reserve,95,71
Bread - Triangle White,2,56
Liners - Baking Cups,61,75
Sauce - Thousand Island,26,97
Southern Comfort,67,34
Muffin Batt - Blueberry Passion,62,99
Puree - Strawberry,43,5
"Coke - Diet, 355 Ml",58,55
Venison - Denver Leg Boneless,69,72
Bread - Olive,52,6
Brandy Apricot,23,64
Oysters - Smoked,3,88
Tea Peppermint,23,77
Butter Balls Salted,34,61
"Syrup - Monin, Swiss Choclate",99,54
"Juice - Cranberry, 341 Ml",50,49
Cranberries - Frozen,93,54
Wine - Carmenere Casillero Del,13,28
Beer - Corona,14,43
Cake - Lemon Chiffon,6,68
Chicken - Bones,11,91
Pur Source,22,50
Wine - Magnotta - Bel Paese White,88,53
"Pasta - Fettuccine, Egg, Fresh",18,71
Bacon Strip Precooked,84,9
Potatoes - Fingerling 4 Oz,34,8
Soy Protein,58,34
Potato - Sweet,4,8
Pastry - Trippleberry Muffin - Mini,18,65
Broom - Angled,26,81
"Liqueur Banana, Ramazzotti",76,23
Banana - Leaves,36,100
Chevril,81,8
Shark - Loin,75,100
Sword Pick Asst,87,64
"Beans - Kidney, Red Dry",42,39
The Pop Shoppe Pinapple,24,56
Slt - Individual Portions,37,30
"Chicken - Leg, Fresh",27,24
Bagel - 12 Grain Preslice,70,15
Bar Energy Chocchip,8,8
Wild Boar - Tenderloin,29,96
Nectarines,92,20
Smoked Tongue,39,62
Bread - Sour Sticks With Onion,70,1
Pur Value,72,2
Hot Choc Vending,35,67
Ginger - Pickled,42,24
Wine - Balbach Riverside,12,62
Liquid Aminios Acid - Braggs,33,37
Tuna - Bluefin,88,28
Garlic,90,5
Tomato Puree,1,79
Fudge - Cream Fudge,61,47
Okra,86,42
Pears - Bartlett,87,99
"Salmon - Atlantic, Skin On",79,41
Bread Base - Italian,43,31
Cheese - St. Paulin,62,52
Baking Soda,85,14
Rice - Aborio,29,12
Apple - Macintosh,12,64
Mousse - Passion Fruit,2,95
Cheese - Brie Roitelet,71,76
Bread - White Mini Epi,14,1
Parsley - Fresh,72,48
Vector Energy Bar,21,67
Sauce - Caesar Dressing,2,67
Chef Hat 20cm,43,91
"Lid - High Heat, Super Clear",82,81
Wine - Niagara Peninsula Vqa,18,71
Lambcasing,77,18
Wine - Ruffino Chianti,28,60
"Pail - 4l White, With Handle",18,92
Pineapple - Golden,39,46
Pail With Metal Handle 16l White,61,51
Star Fruit,76,67
Longos - Cheese Tortellini,55,80
Nougat - Paste / Cream,1,27
Kirsch - Schloss,32,43
Raisin - Dark,24,84
Pumpkin - Seed,18,57
Transfer Sheets,1,99
Turkey - Oven Roast Breast,55,51
Extract - Almond,20,63
Wine - Savigny - Les - Beaune,43,30
"Turnip - White, Organic",88,91
"Appetizer - Mini Egg Roll, Shrimp",19,70
Pepper - Green,84,9
Eggwhite Frozen,85,39
Tea - Herbal I Love Lemon,17,52
"Shrimp - 16 - 20 Cooked, Peeled",60,72
"Fish - Soup Base, Bouillon",53,14
External Supplier,56,91
Ecolab - Power Fusion,61,46
Bread Cranberry Foccacia,67,52
"Tendrils - Baby Pea, Organic",97,9
Pails With Lids,62,2
"Bread - Bagels, Mini",38,10
"Cheese - Cheddar, Medium",97,71
Octopus,36,82
Beef - Diced,44,19
Tea - Decaf Lipton,18,61
Cheese - St. Andre,66,99
Sauce - Alfredo,92,70
"Pork - Back, Short Cut, Boneless",80,72
Chips - Assorted,56,59
Cake Slab,76,60
Wine - Gewurztraminer Pierre,34,94
"Nut - Hazelnut, Whole",30,21
Lemonade - Pineapple Passion,13,41
"Lemonade - Natural, 591 Ml",64,87
Soup - Base Broth Beef,99,46
Beef - Cow Feet Split,33,48
True - Vue Containers,31,66
Kellogs All Bran Bars,72,49
Scallops - Live In Shell,70,100
Alize Sunset,4,2
Sprouts - Bean,52,77
Pumpkin,76,43
Schnappes Peppermint - Walker,7,68
Yukon Jack,65,92
Pastry - Lemon Danish - Mini,69,8
Wine - Coteaux Du Tricastin Ac,84,44
Wine - Cotes Du Rhone,35,32
Appetizer - Cheese Bites,62,49
Sprouts - Corn,52,75
Wheat - Soft Kernal Of Wheat,43,68
Oil - Sesame,46,19
Cookie - Oreo 100x2,82,46
Long Island Ice Tea,89,89
Vinegar - Champagne,61,68
Cream - 18%,60,53
Cranberries - Frozen,67,35
"Soup - Campbells, Minestrone",22,44
Chinese Lemon Pork,9,16
"Wine - Red, Lurton Merlot De",25,54
Baking Powder,23,88
Peach - Fresh,11,40
"Pork - Tenderloin, Frozen",37,86
Longos - Grilled Salmon With Bbq,18,77
Oven Mitt - 13 Inch,13,86
Chocolate - Unsweetened,25,66
Salmon - Sockeye Raw,48,8
"Sugar - Brown, Individual",60,29
Mortadella,69,37
"Salmon - Smoked, Sliced",66,41
"Mushroom - Trumpet, Dry",1,72
Ice Cream Bar - Oreo Cone,6,75
Bouq All Italian - Primerba,26,59
Pork - Back Ribs,79,57
"Juice - Orange, 341 Ml",91,54
Salt - Seasoned,91,85
Garbage Bag - Clear,100,89
Bread - Burger,34,34
Yeast Dry - Fermipan,5,42
Nantucket - Orange Mango Cktl,43,71
Rabbit - Legs,2,71
Tea - Lemon Green Tea,92,49
Pie Filling - Apple,60,15
Cheese - Grana Padano,21,47
Gherkin,41,60
Nantucket - Carrot Orange,12,63
Soup Campbells Beef With Veg,80,48
Longos - Lasagna Beef,13,61
Mint - Fresh,94,89
Macaroons - Homestyle Two Bit,14,16
Pea - Snow,91,21
Island Oasis - Mango Daiquiri,27,45
Bread - Raisin Walnut Oval,8,25
Creme De Menthe Green,66,62
Beef - Tenderloin,92,19
Apples - Sliced / Wedge,17,38
"Veal - Inside, Choice",15,79
Wine - Vineland Estate Semi - Dry,85,25
Cakes Assorted,33,23
Cheese - Cambozola,89,5
Duck - Legs,22,92
Salt - Sea,67,20
Fennel,43,41
Scallop - St. Jaques,82,10
Basil - Pesto Sauce,58,23
Teriyaki Sauce,98,80
"Apple - Delicious, Golden",42,78
Energy Drink - Redbull 355ml,27,33
"Bread - Roll, Whole Wheat",21,78
Okra,62,42
Bagelers,6,90
Pea - Snow,96,7
Wine - Cotes Du Rhone Parallele,39,100
Sauce - Hollandaise,43,28
"Squash - Pattypan, Yellow",66,76
"Beef - Tongue, Fresh",60,31
Cup - 4oz Translucent,92,48
Huck White Towels,67,53
Pork Salted Bellies,24,64
Spice - Greek 1 Step,83,32
Cake Slab,75,93
Wine - Pinot Noir Mondavi Coastal,91,60
"Wine - White, Antinore Orvieto",74,8
"Juice - Pineapple, 48 Oz",73,49
"Mushroom - Shitake, Dry",20,85
Wakami Seaweed,73,5
Sweet Pea Sprouts,53,100
"Wine - Red, Marechal Foch",19,10
"Chocolate - Milk, Callets",85,21
"Soup - Knorr, Classic Can. Chili",50,18
"Appetizer - Mini Egg Roll, Shrimp",11,1
"Coconut - Shredded, Unsweet",76,90
Cheese - Shred Cheddar / Mozza,87,2
Lemonade - Pineapple Passion,52,29
Table Cloth 90x90 White,20,8
Macaroons - Homestyle Two Bit,27,82
Bagel - Ched Chs Presliced,27,21
"Cherries - Maraschino,jar",92,13
Pepper - Gypsy Pepper,65,27
Plastic Wrap,49,74
"Nut - Walnut, Pieces",11,1
Wine - Pinot Noir Stoneleigh,65,44
Table Cloth 53x69 White,97,26
Goat - Whole Cut,78,11
Anchovy In Oil,83,51
Bar Nature Valley,51,82
Potatoes - Parissienne,35,51
Plasticspoonblack,69,21
Baking Soda,34,41
Juice - Apple Cider,69,45
Scallops 60/80 Iqf,100,26
Beer - Moosehead,9,84
Oil - Sunflower,63,51
Potatoes - Mini White 3 Oz,76,13
Flour Pastry Super Fine,57,33
Bread - 10 Grain Parisian,11,19
"Corn - Cream, Canned",9,89
Squid Ink,21,48
Arizona - Plum Green Tea,22,91
Lettuce - Iceberg,36,4
Apricots Fresh,19,38
Artichokes - Jerusalem,45,19
Dates,92,68
Wine - Montecillo Rioja Crianza,94,28
Kiwi,31,66
"Coke - Classic, 355 Ml",58,82
Pork - Liver,19,73
Wine - Saint Emilion Calvet,20,70
Cheese - Ermite Bleu,96,13
Cookie Double Choco,18,56
Cheese - Comte,19,71
Lemons,89,9
Oil - Sesame,97,78
"Lemonade - Natural, 591 Ml",34,47
Butcher Twine 4r,60,3
Sage - Ground,43,67
Beef - Ox Tongue,65,86
Bread - Assorted Rolls,24,20
Apron,17,17
Blouse / Shirt / Sweater,10,57
Squash - Butternut,4,4
"Pork - Bacon, Sliced",46,38
Bread - Pita,34,58
Bread - Kimel Stick Poly,33,49
Nescafe - Frothy French Vanilla,89,51
Wine - Cave Springs Dry Riesling,54,26
Brandy Cherry - Mcguinness,40,72
Danishes - Mini Cheese,100,50
"Pork - Bacon, Double Smoked",44,86
Puree - Mocha,32,84
Island Oasis - Pina Colada,52,83
Crab - Meat,51,50
"Pork - Butt, Boneless",49,93
Veal - Kidney,59,71
Potatoes - Yukon Gold 5 Oz,18,98
"Salt - Rock, Course",13,84
Tea - Herbal I Love Lemon,31,18
Orange - Tangerine,90,31
Lettuce - Boston Bib - Organic,59,12
Sword Pick Asst,2,26
"Beans - Turtle, Black, Dry",31,36
Brandy Cherry - Mcguinness,97,39
Orange - Tangerine,99,18
Crackers - Melba Toast,40,28
Wine - Chateau Bonnet,7,21
Whmis - Spray Bottle Trigger,26,95
Myers Planters Punch,43,7
Tuna - Loin,7,69
Muffin Hinge - 211n,75,55
"Chicken - Leg, Boneless",67,19
Pepper - Jalapeno,88,57
"Nut - Walnut, Chopped",54,62
Vaccum Bag 10x13,18,71
Snapple Lemon Tea,5,24
Flour - Strong Pizza,96,19
"Tomatoes - Diced, Canned",63,95
Tomatoes - Cherry,92,90
Beer - Pilsner Urquell,11,86
Gooseberry,26,10
Spinach - Frozen,36,14
Wine - Marlbourough Sauv Blanc,80,66
Pepper - Pablano,6,86
Bread Foccacia Whole,60,13
"Pork - Bacon,back Peameal",99,24
Pastry - Apple Muffins - Mini,36,60
Wine - Clavet Saint Emilion,96,24
Coffee Cup 8oz 5338cd,31,98
Coffee Caramel Biscotti,78,54
Appetizer - Assorted Box,32,93
Sprite - 355 Ml,50,26
Squid U5 - Thailand,63,24
Bagel - Plain,30,61
Soup Bowl Clear 8oz92008,28,52
Pancetta,71,48
Scallops - 20/30,13,59
Wine - Prosecco Valdobienne,29,75
Cheese - Colby,90,47
Soap - Pine Sol Floor Cleaner,96,44
Ecolab - Balanced Fusion,64,83
Wine - Toasted Head,84,35
Chocolate - White,41,61
Cookies - Englishbay Chochip,37,90
"Sprite, Diet - 355ml",44,71
Pepper - Yellow Bell,97,8
Soy Protein,26,64
Coffee Guatemala Dark,93,27
Island Oasis - Sweet And Sour Mix,44,72
Mix - Cocktail Ice Cream,16,32
Sorrel - Fresh,48,40
"Lettuce - Mini Greens, Whole",98,50
Wine - Chateau Timberlay,90,54
Chocolate Bar - Oh Henry,46,81
Blue Curacao - Marie Brizard,10,59
Bread Base - Italian,34,33
Cherries - Fresh,69,51
"Soup - Cream Of Broccoli, Dry",55,23
Parsley - Fresh,33,75
Tea - Orange Pekoe,77,97
Sugar - Brown,85,16
Wine - Vouvray Cuvee Domaine,91,80
Yoghurt Tubes,89,28
Pike - Frozen Fillet,15,93
Smoked Tongue,7,91
Pails With Lids,2,62
Wine - Sicilia Igt Nero Avola,38,81
Jolt Cola,89,14
Bread - Multigrain,81,41
Versatainer Nc - 888,100,7
Pastry - Banana Muffin - Mini,78,19
"Cheese - Manchego, Spanish",82,34
Lettuce - Iceberg,25,61
Daves Island Stinger,35,64
Halibut - Steaks,82,1
Radish - Pickled,98,79
"Rum - White, Gg White",5,67
Tomatoes - Yellow Hot House,68,48
"Octopus - Baby, Cleaned",60,38
Tobasco Sauce,54,79
"Beans - Black Bean, Dry",47,42
"Bread - White, Unsliced",42,92
"Nut - Pistachio, Shelled",11,88
Bread - Burger,23,38
"Sole - Dover, Whole, Fresh",56,39
Clams - Bay,61,3
"Beef - Tongue, Fresh",58,19
Yucca,15,86
The Pop Shoppe - Black Cherry,2,34
"Star Anise, Whole",50,19
Aspic - Amber,26,8
Dill Weed - Dry,10,6
Port - 74 Brights,45,27
Flour - Semolina,37,40
Flour - Strong,13,89
Tuna - Loin,70,56
Mussels - Frozen,44,47
Beer - Sleeman Fine Porter,1,81
"Lemonade - Island Tea, 591 Ml",93,67
Parsley - Dried,86,28
Wine - Wyndham Estate Bin 777,68,80
"Sauce - Gravy, Au Jus, Mix",91,80
Rosemary - Fresh,64,64
Oyster - In Shell,76,24
Lamb - Whole Head Off,23,43
"Pasta - Orzo, Dry",68,38
"Soup - Beef Conomme, Dry",86,94
Table Cloth 81x81 White,79,40
Longos - Assorted Sandwich,58,94
"Beef - Rib Roast, Cap On",43,95
"Beef - Rib Roast, Capless",75,28
Icecream - Dstk Super Cone,23,34
Myers Planters Punch,29,82
Beer - Blue,13,2
Cocoa Powder - Dutched,60,5
Appetizer - Veg Assortment,18,12
Crab - Imitation Flakes,8,89
Sage - Ground,39,17
Tomato Puree,75,42
Chicken - Wieners,58,65
"Fish - Halibut, Cold Smoked",36,87
Lychee,35,85
Tahini Paste,84,79
Bread - 10 Grain,69,20
"Lemonade - Black Cherry, 591 Ml",43,35
Cassis,91,67
Piping - Bags Quizna,72,57
Miso Paste White,82,22
Milk - Chocolate 500ml,54,13
Broom And Brush Rack Black,23,61
Sugar - Fine,46,35
"Soup - Campbells, Butternut",79,31
Bread - Petit Baguette,69,37
Flower - Commercial Spider,85,49
Sage - Fresh,82,35
Lettuce - Romaine,82,74
Cognac - Courvaisier,30,75
Octopus,6,89
Evaporated Milk - Skim,72,77
Table Cloth 81x81 Colour,30,75
Fond - Neutral,63,96
"Soup - Campbells, Butternut",24,32
Rice - Basmati,1,67
Beef - Top Butt Aaa,61,99
Salami - Genova,53,29
Cocoa Butter,40,35
Couscous,61,60
"Coconut - Shredded, Unsweet",31,37
Cookie Chocolate Chip With,7,77
Chicken Breast Halal,81,52
Cup - Paper 10oz 92959,71,72
"Lettuce - Mini Greens, Whole",75,48
Oil - Cooking Spray,74,20
Wine - Barossa Valley Estate,68,43
Arizona - Green Tea,91,9
Neckerchief Blck,30,58
Jicama,8,32
"Wine - White, Colubia Cresh",13,100
Bagelers - Cinn / Brown,49,52
Wine - Alicanca Vinho Verde,45,82
Soup Campbells Beef With Veg,14,82
Mushroom - Porcini Frozen,25,93
Cheese - Gouda Smoked,92,97
"Jam - Strawberry, 20 Ml Jar",92,57
Vector Energy Bar,90,75
Lettuce - Arugula,38,60
Danishes - Mini Cheese,60,40
"Trout - Rainbow, Fresh",72,92
"Pork - Bacon, Sliced",29,100
Cookie Dough - Chunky,84,5
Island Oasis - Ice Cream Mix,75,45
Wine - Vouvray Cuvee Domaine,75,26
Coffee - Decafenated,93,54
Cake - Mini Potato Pancake,78,12
Icecream Bar - Del Monte,47,17
Table Cloth 72x144 White,69,56
"Chicken - White Meat, No Tender",6,68
Flour - Strong Pizza,33,23
Lamb Shoulder Boneless Nz,57,11
Easy Off Oven Cleaner,79,78
